{"cameraMode":{"drawMode":0,"name":"Shaded","section":"Shading Mode"},"sceneLighting":true,"audioPlay":false,"sceneViewState":{"showFog":true,"showMaterialUpdate":false,"showSkybox":true,"showFlares":true,"showImageEffects":true,"showParticleSystems":true},"in2DMode":false,"pivot":{"x":0.05199702829122543,"y":0.006934076547622681,"z":-0.0017750263214111329},"rotation":{"x":-0.013806815259158612,"y":-0.018900016322731973,"z":0.0002610590017866343,"w":-0.9997260570526123},"size":2.545538902282715,"orthographic":false}