{"cameraMode":{"drawMode":0,"name":"Shaded","section":"Shading Mode"},"sceneLighting":false,"audioPlay":false,"sceneViewState":{"showFog":true,"showMaterialUpdate":false,"showSkybox":true,"showFlares":true,"showImageEffects":true,"showParticleSystems":true},"in2DMode":false,"pivot":{"x":-0.30971020460128786,"y":-0.04540859907865524,"z":-0.02341020107269287},"rotation":{"x":-0.037490520626306537,"y":0.005995902232825756,"z":-0.0002249399694846943,"w":-0.9992790222167969},"size":1.4348335266113282,"orthographic":false}