{"cameraMode":{"drawMode":0,"name":"Shaded","section":"Shading Mode"},"sceneLighting":false,"audioPlay":false,"sceneViewState":{"showFog":true,"showMaterialUpdate":false,"showSkybox":true,"showFlares":true,"showImageEffects":true,"showParticleSystems":true},"in2DMode":false,"pivot":{"x":1.5586742162704468,"y":0.3848518431186676,"z":-0.09842586517333985},"rotation":{"x":-0.04361894726753235,"y":0.5551797151565552,"z":-0.029173724353313447,"w":-0.830073356628418},"size":22.0,"orthographic":false}