{"cameraMode":{"drawMode":0,"name":"Shaded","section":"Shading Mode"},"sceneLighting":false,"audioPlay":false,"sceneViewState":{"showFog":true,"showMaterialUpdate":false,"showSkybox":true,"showFlares":true,"showImageEffects":true,"showParticleSystems":true},"in2DMode":false,"pivot":{"x":1.5586742162704468,"y":0.3848518431186676,"z":-0.09842586517333985},"rotation":{"x":-0.037490520626306537,"y":0.005995902232825756,"z":-0.0002249399694846943,"w":-0.9992790222167969},"size":22.0,"orthographic":false}