{"cameraMode":{"drawMode":0,"name":"Shaded","section":"Shading Mode"},"sceneLighting":false,"audioPlay":false,"sceneViewState":{"showFog":true,"showMaterialUpdate":false,"showSkybox":true,"showFlares":true,"showImageEffects":true,"showParticleSystems":true},"in2DMode":false,"pivot":{"x":-20.736175537109376,"y":14.358769416809082,"z":0.0},"rotation":{"x":0.053972113877534869,"y":-0.00748903164640069,"z":-0.0004034462326671928,"w":-0.9985142946243286},"size":1.863436222076416,"orthographic":false}