{"cameraMode":{"drawMode":0,"name":"Shaded","section":"Shading Mode"},"sceneLighting":false,"audioPlay":false,"sceneViewState":{"showFog":true,"showMaterialUpdate":false,"showSkybox":true,"showFlares":true,"showImageEffects":true,"showParticleSystems":true},"in2DMode":false,"pivot":{"x":0.20431140065193177,"y":-0.23119398951530457,"z":-0.08450210094451904},"rotation":{"x":-0.08538202196359635,"y":-0.01793312467634678,"z":0.0015370412729680539,"w":-0.9961857795715332},"size":2.3348333835601808,"orthographic":false}