{"cameraMode":{"drawMode":0,"name":"Shaded","section":"Shading Mode"},"sceneLighting":false,"audioPlay":false,"sceneViewState":{"showFog":true,"showMaterialUpdate":false,"showSkybox":true,"showFlares":true,"showImageEffects":true,"showParticleSystems":true},"in2DMode":false,"pivot":{"x":1.5586742162704468,"y":0.38485187292099,"z":-0.09842586517333985},"rotation":{"x":-0.013806815259158612,"y":-0.018900016322731973,"z":0.0002610590017866343,"w":-0.9997260570526123},"size":1.1571857929229737,"orthographic":false}