{"cameraMode":{"drawMode":0,"name":"Shaded","section":"Shading Mode"},"sceneLighting":false,"audioPlay":false,"sceneViewState":{"showFog":true,"showMaterialUpdate":false,"showSkybox":true,"showFlares":true,"showImageEffects":true,"showParticleSystems":true},"in2DMode":false,"pivot":{"x":-0.8069999814033508,"y":-0.027027010917663575,"z":0.0},"rotation":{"x":-0.037490520626306537,"y":0.005995902232825756,"z":-0.0002249399694846943,"w":-0.9992790222167969},"size":1.370534896850586,"orthographic":false}